{
  "temperature_moteur": 0.014398989009373815,
  "vibration": 0.07733077650908725,
  "courant_electrique": 0.11385324023577117,
  "voltage": 0.0389555470558009,
  "pression_eau": 0.45201765532962657,
  "debit_eau": 0.2141606339269562,
  "rpm": 0.0336714319785959,
  "heures_fonctionnement": 0.05547661537228135,
  "hour": 3.220615288548466e-05,
  "day_of_week": 0.00010290442962143649
}