{
  "temperature_moteur": {
    "mean": 28.645773495942414,
    "std": 27.74210050659421,
    "min": 18.22823076923077,
    "max": 214.23076923076923,
    "q25": 21.936461538461543,
    "q75": 25.720230769230785
  },
  "vibration": {
    "mean": 0.3179300822926683,
    "std": 0.8725439060906381,
    "min": -1.353449735449737,
    "max": 4.35321164021164,
    "q25": -0.1822645502645506,
    "q75": 0.6214919317336245
  },
  "courant_electrique": {
    "mean": 9.087665244327257,
    "std": 2.323855803974704,
    "min": 6.045850931677019,
    "max": 20.198931677018635,
    "q25": 7.93292546583851,
    "q75": 9.334757763975158
  },
  "voltage": {
    "mean": 221.47347992734754,
    "std": 7.469406989885873,
    "min": 207.9369538461538,
    "max": 258.9519384615385,
    "q25": 216.8846153846154,
    "q75": 223.96261596679693
  },
  "pression_eau": {
    "mean": 1.6526227849822879,
    "std": 0.5454030800197395,
    "min": 1.4334533333333337,
    "max": 3.837785066666666,
    "q25": 1.485322222222222,
    "q75": 1.521330740740741
  },
  "debit_eau": {
    "mean": 19.22263616750959,
    "std": 5.6523891436976825,
    "min": -4.900662251655628,
    "max": 28.211880794701987,
    "q25": 18.248293874172184,
    "q75": 21.63254801324503
  },
  "rpm": {
    "mean": 2029.1250698715983,
    "std": 44.49311859847285,
    "min": 1854.9768,
    "max": 2299.7106482,
    "q25": 2008.6226,
    "q75": 2032.3496
  },
  "heures_fonctionnement": {
    "mean": 1583.3024763563608,
    "std": 227.84744379593397,
    "min": 0.0,
    "max": 2359.664,
    "q25": 1591.4350000000002,
    "q75": 1642.7949999999998
  },
  "hour": {
    "mean": 11.420060986028416,
    "std": 6.91168767781124,
    "min": 0.0,
    "max": 23.0,
    "q25": 5.0,
    "q75": 17.0
  },
  "day_of_week": {
    "mean": 2.9581706820183222,
    "std": 1.9896864765018634,
    "min": 0.0,
    "max": 6.0,
    "q25": 1.0,
    "q75": 5.0
  },
  "temperature_moteur_lag1": {
    "mean": 28.646582788151875,
    "std": 27.75038233302862,
    "min": 18.1526153846154,
    "max": 214.23076923076923,
    "q25": 21.936461538461543,
    "q75": 25.720230769230785
  },
  "temperature_moteur_rolling_mean3": {
    "mean": 28.646595181415208,
    "std": 27.723226953272707,
    "min": 18.58143589743589,
    "max": 214.23076923076923,
    "q25": 21.65894871794873,
    "q75": 25.543692307692314
  },
  "vibration_lag1": {
    "mean": 0.3178125958130894,
    "std": 0.8724965889339484,
    "min": -1.353449735449737,
    "max": 4.35321164021164,
    "q25": -0.2052275132275146,
    "q75": 0.6214919317336245
  },
  "vibration_rolling_mean3": {
    "mean": 0.3178571906804134,
    "std": 0.8721295924131757,
    "min": -1.353449735449737,
    "max": 4.353211579607066,
    "q25": -0.19374543361226795,
    "q75": 0.6138368606701939
  },
  "pression_eau_lag1": {
    "mean": 1.6526130226526257,
    "std": 0.5453823306316329,
    "min": 1.4334533333333337,
    "max": 3.837785066666666,
    "q25": 1.485322222222222,
    "q75": 1.521330740740741
  },
  "pression_eau_rolling_mean3": {
    "mean": 1.6526136576027604,
    "std": 0.5450103672861343,
    "min": 1.43573962962963,
    "max": 3.8377850656156185,
    "q25": 1.489037558473185,
    "q75": 1.515043333333333
  },
  "debit_eau_lag1": {
    "mean": 19.222489112792335,
    "std": 5.6512671114263355,
    "min": -4.900662251655628,
    "max": 28.211880794701987,
    "q25": 18.250619205298012,
    "q75": 21.62991390728477
  },
  "debit_eau_rolling_mean3": {
    "mean": 19.222437457451093,
    "std": 5.640537804626196,
    "min": -4.900662251655628,
    "max": 28.211880337679386,
    "q25": 18.265831125827827,
    "q75": 21.614626931567344
  }
}