{
  "temperature_moteur": {
    "mean": 2.411974697363015,
    "std": 0.3627886151518671,
    "min": 0.0,
    "max": 2.549016,
    "q25": 2.450637,
    "q75": 2.499826
  },
  "vibration": {
    "mean": 47.44162097516553,
    "std": 3.304681360175626,
    "min": 32.20486,
    "max": 53.6458320617676,
    "q25": 46.310760498046896,
    "q75": 49.34896
  },
  "courant_electrique": {
    "mean": 51.0351090370281,
    "std": 3.7643160260619744,
    "min": 33.15972,
    "max": 55.946180000000005,
    "q25": 50.65104,
    "q75": 52.907990000000005
  },
  "voltage": {
    "mean": 43.81043071377262,
    "std": 2.4337353967154054,
    "min": 31.64062,
    "max": 48.220490000000005,
    "q25": 43.012149810790994,
    "q75": 45.3125
  },
  "pression_eau": {
    "mean": 592.3960955658479,
    "std": 147.8702584464335,
    "min": 2.798032,
    "max": 651.573974609375,
    "q25": 628.2407,
    "q75": 637.9630000000001
  },
  "debit_eau": {
    "mean": 72.82962572785834,
    "std": 17.14676190907407,
    "min": 0.0,
    "max": 99.99988,
    "q25": 69.9165775,
    "q75": 80.13634
  },
  "rpm": {
    "mean": 13.536385701204054,
    "std": 2.2388032744515085,
    "min": 0.01446759,
    "max": 22.25116,
    "q25": 13.38252,
    "q75": 14.539929999999998
  },
  "heures_fonctionnement": {
    "mean": 15.820439537460569,
    "std": 2.3031037038860096,
    "min": 0.0,
    "max": 23.59664,
    "q25": 15.91435,
    "q75": 16.42795
  },
  "hour": {
    "mean": 11.415911052107534,
    "std": 6.91367906752244,
    "min": 0.0,
    "max": 23.0,
    "q25": 5.0,
    "q75": 17.0
  },
  "day_of_week": {
    "mean": 2.9501559907069366,
    "std": 1.9909297898342444,
    "min": 0.0,
    "max": 6.0,
    "q25": 1.0,
    "q75": 5.0
  },
  "temperature_moteur_lag1": {
    "mean": 2.4120390604264954,
    "std": 0.3625924200657709,
    "min": 0.0,
    "max": 2.549016,
    "q25": 2.450637,
    "q75": 2.499826
  },
  "temperature_moteur_rolling_mean3": {
    "mean": 2.4120264434832257,
    "std": 0.36226723676676453,
    "min": 0.0,
    "max": 2.5444250000000004,
    "q25": 2.452932,
    "q75": 2.5034336666666666
  },
  "vibration_lag1": {
    "mean": 47.44136888467365,
    "std": 3.3045123797756406,
    "min": 32.20486,
    "max": 53.6458320617676,
    "q25": 46.310760498046896,
    "q75": 49.34896
  },
  "vibration_rolling_mean3": {
    "mean": 47.44142496221864,
    "std": 3.3030799313690906,
    "min": 32.20486022908529,
    "max": 53.645830687255874,
    "q25": 46.33969666666667,
    "q75": 49.37789
  },
  "pression_eau_lag1": {
    "mean": 592.4043272059913,
    "std": 147.8625386576864,
    "min": 2.798032,
    "max": 651.573974609375,
    "q25": 628.2407,
    "q75": 637.9630000000001
  },
  "pression_eau_rolling_mean3": {
    "mean": 592.4027393606546,
    "std": 147.7666055499506,
    "min": 2.7980322837829603,
    "max": 650.8487666666667,
    "q25": 629.9768333333333,
    "q75": 636.9213
  },
  "debit_eau_lag1": {
    "mean": 72.82798773151237,
    "std": 17.142629608833275,
    "min": 0.0,
    "max": 99.99988,
    "q25": 69.91645500000001,
    "q75": 80.140985
  },
  "debit_eau_rolling_mean3": {
    "mean": 72.82892513564161,
    "std": 17.10951662531074,
    "min": 0.0,
    "max": 99.99987861979162,
    "q25": 69.95802083333334,
    "q75": 80.08948416666664
  }
}