{
  "temperature_moteur": {
    "mean": 2.4126049445527484,
    "std": 0.3606473065857247,
    "min": 0.0,
    "max": 2.548033,
    "q25": 2.450637,
    "q75": 2.499826
  },
  "vibration": {
    "mean": 47.45822428893371,
    "std": 3.2982159650226124,
    "min": 32.20486,
    "max": 53.77604,
    "q25": 46.310760498046896,
    "q75": 49.34896
  },
  "courant_electrique": {
    "mean": 51.048858956633126,
    "std": 3.7414078443992738,
    "min": 33.15972,
    "max": 55.946180000000005,
    "q25": 50.65104,
    "q75": 52.907990000000005
  },
  "voltage": {
    "mean": 43.82111902361204,
    "std": 2.427557271712909,
    "min": 31.64062,
    "max": 48.220490000000005,
    "q25": 43.012149810790994,
    "q75": 45.3125
  },
  "pression_eau": {
    "mean": 592.7918480547823,
    "std": 147.25883160532968,
    "min": 2.798032,
    "max": 651.9676,
    "q25": 628.2407,
    "q75": 637.9630000000001
  },
  "debit_eau": {
    "mean": 72.85236122587898,
    "std": 17.070215213967003,
    "min": 0.0,
    "max": 99.99988,
    "q25": 69.9098475,
    "q75": 80.13029499999999
  },
  "rpm": {
    "mean": 13.543746506420097,
    "std": 2.224655929923643,
    "min": 0.01446759,
    "max": 22.25116,
    "q25": 13.38252,
    "q75": 14.56887
  },
  "heures_fonctionnement": {
    "mean": 15.833024763563605,
    "std": 2.2784744379593396,
    "min": 0.0,
    "max": 23.59664,
    "q25": 15.91435,
    "q75": 16.42795
  },
  "hour": {
    "mean": 11.420060986028416,
    "std": 6.91168767781124,
    "min": 0.0,
    "max": 23.0,
    "q25": 5.0,
    "q75": 17.0
  },
  "day_of_week": {
    "mean": 2.9581706820183222,
    "std": 1.9896864765018634,
    "min": 0.0,
    "max": 6.0,
    "q25": 1.0,
    "q75": 5.0
  },
  "temperature_moteur_lag1": {
    "mean": 2.412594423754025,
    "std": 0.3607549703293721,
    "min": 0.0,
    "max": 2.549016,
    "q25": 2.450637,
    "q75": 2.499826
  },
  "temperature_moteur_rolling_mean3": {
    "mean": 2.412594262641602,
    "std": 0.3604019503925452,
    "min": 0.0,
    "max": 2.543441333333333,
    "q25": 2.452932,
    "q75": 2.5034336666666666
  },
  "vibration_lag1": {
    "mean": 47.45866838782651,
    "std": 3.2980371061703244,
    "min": 32.20486,
    "max": 53.77604,
    "q25": 46.310760498046896,
    "q75": 49.43576
  },
  "vibration_rolling_mean3": {
    "mean": 47.45849981922804,
    "std": 3.2966498593218034,
    "min": 32.20486022908529,
    "max": 53.77604,
    "q25": 46.33969666666667,
    "q75": 49.392357739054376
  },
  "pression_eau_lag1": {
    "mean": 592.7944838837911,
    "std": 147.25322927054088,
    "min": 2.798032,
    "max": 651.9676,
    "q25": 628.2407,
    "q75": 637.9630000000001
  },
  "pression_eau_rolling_mean3": {
    "mean": 592.7943124472547,
    "std": 147.1527991672563,
    "min": 2.7980322837829603,
    "max": 651.3503000000001,
    "q25": 629.9383,
    "q75": 636.9598592122401
  },
  "debit_eau_lag1": {
    "mean": 72.85191712063285,
    "std": 17.06682667650753,
    "min": 0.0,
    "max": 99.99988,
    "q25": 69.91687,
    "q75": 80.12234000000001
  },
  "debit_eau_rolling_mean3": {
    "mean": 72.85176112150225,
    "std": 17.03442416997111,
    "min": 0.0,
    "max": 99.99987861979162,
    "q25": 69.96280999999993,
    "q75": 80.0761733333333
  }
}