{
  "temperature_moteur": {
    "mean": 2.16269214861286,
    "std": 0.7994668753444375,
    "min": 0.0,
    "max": 2.548033,
    "q25": 2.449653,
    "q75": 2.468345
  },
  "vibration": {
    "mean": 44.40547539764672,
    "std": 5.448459328540593,
    "min": 32.20486,
    "max": 53.55902,
    "q25": 39.887149810791,
    "q75": 48.56771
  },
  "courant_electrique": {
    "mean": 46.91733636698189,
    "std": 6.887015943332946,
    "min": 33.15972,
    "max": 55.946180000000005,
    "q25": 39.670135498046896,
    "q75": 52.2569427490234
  },
  "voltage": {
    "mean": 41.60683239534419,
    "std": 4.075991252994469,
    "min": 31.64062,
    "max": 48.1770820617676,
    "q25": 38.7586774053955,
    "q75": 44.704860687255895
  },
  "pression_eau": {
    "mean": 406.9624628323797,
    "std": 277.7629790010625,
    "min": 2.798032,
    "max": 651.504638671875,
    "q25": 3.60821747779846,
    "q75": 635.1852
  },
  "debit_eau": {
    "mean": 62.52934992386411,
    "std": 35.639253591653926,
    "min": 0.0,
    "max": 99.99988,
    "q25": 62.5345,
    "q75": 83.09718
  },
  "rpm": {
    "mean": 11.632346609310265,
    "std": 4.560139513314496,
    "min": 0.01446759,
    "max": 22.25116,
    "q25": 11.14005,
    "q75": 14.069729999999998
  },
  "heures_fonctionnement": {
    "mean": 14.179536554722064,
    "std": 4.972020670697792,
    "min": 0.0,
    "max": 23.59664,
    "q25": 15.625,
    "q75": 16.21094
  },
  "hour": {
    "mean": 11.189872041178816,
    "std": 6.912796537738606,
    "min": 0.0,
    "max": 23.0,
    "q25": 5.0,
    "q75": 17.0
  },
  "day_of_week": {
    "mean": 3.0524522419980427,
    "std": 1.935720288628774,
    "min": 0.0,
    "max": 6.0,
    "q25": 1.0,
    "q75": 5.0
  }
}