{
  "temperature_moteur": {
    "mean": 2.711134985319802,
    "std": 1.2881011260704975,
    "min": 0.0,
    "max": 7.198780348596084,
    "q25": 2.453588,
    "q75": 2.5076970000000003
  },
  "vibration": {
    "mean": 86.70603130721146,
    "std": 104.14597816872029,
    "min": 32.20486,
    "max": 493.3036649901604,
    "q25": 45.13889,
    "q75": 50.21701
  },
  "courant_electrique": {
    "mean": 62.96615245103199,
    "std": 35.81817765022814,
    "min": 33.15972,
    "max": 195.40505622099909,
    "q25": 49.56597,
    "q75": 53.47221999999999
  },
  "voltage": {
    "mean": 43.674064408544695,
    "std": 4.417208776251886,
    "min": 31.64062,
    "max": 54.258964753783474,
    "q25": 42.10069,
    "q75": 45.82270165168299
  },
  "pression_eau": {
    "mean": 422.4131007006826,
    "std": 265.761968087396,
    "min": 2.798032,
    "max": 651.9676,
    "q25": 134.25699167457026,
    "q75": 635.3009
  },
  "debit_eau": {
    "mean": 59.10254338262704,
    "std": 32.42407874578694,
    "min": 0.0,
    "max": 99.99988,
    "q25": 25.891381725118986,
    "q75": 79.89722
  },
  "rpm": {
    "mean": 13.520815421004059,
    "std": 4.5131700318698025,
    "min": 0.01446759,
    "max": 23.19760171845204,
    "q25": 13.317420000000002,
    "q75": 14.82928
  },
  "heures_fonctionnement": {
    "mean": 20.439275139816896,
    "std": 14.15054443902337,
    "min": 0.0,
    "max": 70.49471669367671,
    "q25": 15.90712,
    "q75": 16.6522
  },
  "hour": {
    "mean": 11.333973206992322,
    "std": 6.906028243105496,
    "min": 0.0,
    "max": 23.0,
    "q25": 5.0,
    "q75": 17.0
  },
  "day_of_week": {
    "mean": 3.014703479823558,
    "std": 1.9597800680737023,
    "min": 0.0,
    "max": 6.0,
    "q25": 1.0,
    "q75": 5.0
  }
}